Model,Accuracy_Train,Accuracy_Test,Precision,Recall,F1_Score
Random Forest,0.97,0.65,0.6478661616161616,0.65,0.6439000878348705
SVM,0.7875,0.73,0.7386286780851998,0.73,0.7266816843002752
KNN,0.8275,0.69,0.698351804489912,0.69,0.6848647070358687
