Model,Accuracy_Train,Accuracy_Test,Precision,Recall,F1_Score
Random Forest,0.9925,0.93,0.9325,0.93,0.9295555555555555
SVM,0.965,0.96,0.964,0.96,0.9599425522357694
KNN,0.97,0.97,0.9722051282051283,0.97,0.9699388855279963
